{"cameraMode":{"drawMode":0,"name":"Shaded","section":"Shading Mode"},"sceneLighting":true,"audioPlay":false,"sceneViewState":{"m_AlwaysRefresh":false,"showFog":true,"showSkybox":true,"showFlares":true,"showImageEffects":true,"showParticleSystems":true,"showVisualEffectGraphs":true,"m_FxEnabled":true},"in2DMode":false,"pivot":{"x":0.487427294254303,"y":8.316884994506836,"z":-17.663726806640626},"rotation":{"x":0.19212858378887177,"y":0.13807182013988496,"z":-0.02747170813381672,"w":0.971247136592865},"size":2.3430886268615724,"orthographic":false}