{"cameraMode":{"drawMode":0,"name":"Shaded","section":"Shading Mode"},"sceneLighting":false,"audioPlay":false,"sceneViewState":{"m_AlwaysRefresh":false,"showFog":true,"showSkybox":false,"showFlares":true,"showImageEffects":true,"showParticleSystems":true,"showVisualEffectGraphs":true,"m_FxEnabled":true},"in2DMode":false,"pivot":{"x":14.550000190734864,"y":0.9549503326416016,"z":2.6536664962768556},"rotation":{"x":0.32718613743782046,"y":0.0016236661467701197,"z":-0.0006268826546147466,"w":0.9449884295463562},"size":1.8537828922271729,"orthographic":false}